/research/labs/neurology/fryer/projects/hSynTurboRibo/WT_PS19_P0_short_read/01.RawData/PP_1_F/PP_1_F_1.fq.gz	@A00738:772:H3FVTDSXC:1:1101:9679:1000 1:N:0:NAAGCCTCGT+NGTCGTGTGT
/research/labs/neurology/fryer/projects/hSynTurboRibo/WT_PS19_P0_short_read/01.RawData/PP_1_F/PP_1_F_2.fq.gz	@A00738:772:H3FVTDSXC:1:1101:9679:1000 2:N:0:NAAGCCTCGT+NGTCGTGTGT
/research/labs/neurology/fryer/projects/hSynTurboRibo/WT_PS19_P0_short_read/01.RawData/PP_13_I/PP_13_I_1.fq.gz	@A00738:772:H3FVTDSXC:1:1101:13928:1000 1:N:0:NTTGACTCGA+NAATGTGTCG
/research/labs/neurology/fryer/projects/hSynTurboRibo/WT_PS19_P0_short_read/01.RawData/PP_13_I/PP_13_I_2.fq.gz	@A00738:772:H3FVTDSXC:1:1101:13928:1000 2:N:0:NTTGACTCGA+NAATGTGTCG
/research/labs/neurology/fryer/projects/hSynTurboRibo/WT_PS19_P0_short_read/01.RawData/PP_16_F/PP_16_F_1.fq.gz	@A00738:772:H3FVTDSXC:1:1101:6352:1000 1:N:0:NTACTAGCTC+NGCTGCATAT
/research/labs/neurology/fryer/projects/hSynTurboRibo/WT_PS19_P0_short_read/01.RawData/PP_16_F/PP_16_F_2.fq.gz	@A00738:772:H3FVTDSXC:1:1101:6352:1000 2:N:0:NTACTAGCTC+NGCTGCATAT
/research/labs/neurology/fryer/projects/hSynTurboRibo/WT_PS19_P0_short_read/01.RawData/PP_5_I/PP_5_I_1.fq.gz	@A00738:772:H3FVTDSXC:1:1101:3260:1000 1:N:0:NTTGACGAGT+NCAGTTCAGG
/research/labs/neurology/fryer/projects/hSynTurboRibo/WT_PS19_P0_short_read/01.RawData/PP_5_I/PP_5_I_2.fq.gz	@A00738:772:H3FVTDSXC:1:1101:3260:1000 2:N:0:NTTGACGAGT+NCAGTTCAGG
/research/labs/neurology/fryer/projects/hSynTurboRibo/WT_PS19_P0_short_read/01.RawData/PP_9_F/PP_9_F_2.fq.gz	@A00738:772:H3FVTDSXC:1:1101:7383:1000 2:N:0:NTATGCACGC+NTGTTCACTC
/research/labs/neurology/fryer/projects/hSynTurboRibo/WT_PS19_P0_short_read/01.RawData/PP_9_F/PP_9_F_1.fq.gz	@A00738:772:H3FVTDSXC:1:1101:7383:1000 1:N:0:NTATGCACGC+NTGTTCACTC
/research/labs/neurology/fryer/projects/hSynTurboRibo/WT_PS19_P0_short_read/01.RawData/PP_15_F/PP_15_F_2.fq.gz	@A00738:772:H3FVTDSXC:1:1101:2862:1000 2:N:0:NACATGTCGA+NTGTACGTAC
/research/labs/neurology/fryer/projects/hSynTurboRibo/WT_PS19_P0_short_read/01.RawData/PP_15_F/PP_15_F_1.fq.gz	@A00738:772:H3FVTDSXC:1:1101:2862:1000 1:N:0:NACATGTCGA+NTGTACGTAC
/research/labs/neurology/fryer/projects/hSynTurboRibo/WT_PS19_P0_short_read/01.RawData/PP_21_F/PP_21_F_2.fq.gz	@A00738:773:H2T2NDSXC:3:1101:11198:1000 2:N:0:CTTGCAACAG+NCTACTCAGG
/research/labs/neurology/fryer/projects/hSynTurboRibo/WT_PS19_P0_short_read/01.RawData/PP_21_F/PP_21_F_1.fq.gz	@A00738:773:H2T2NDSXC:3:1101:11198:1000 1:N:0:CTTGCAACAG+NCTACTCAGG
/research/labs/neurology/fryer/projects/hSynTurboRibo/WT_PS19_P0_short_read/01.RawData/PP_30_F/PP_30_F_2.fq.gz	@A00742:814:H2TM2DSXC:2:1101:3025:1000 2:N:0:TCACTGTAGC+TGCTCTCTCA
/research/labs/neurology/fryer/projects/hSynTurboRibo/WT_PS19_P0_short_read/01.RawData/PP_30_F/PP_30_F_1.fq.gz	@A00742:814:H2TM2DSXC:2:1101:3025:1000 1:N:0:TCACTGTAGC+TGCTCTCTCA
/research/labs/neurology/fryer/projects/hSynTurboRibo/WT_PS19_P0_short_read/01.RawData/PP_7_I/PP_7_I_1.fq.gz	@A00738:772:H3FVTDSXC:1:1101:2121:1000 1:N:0:NCTGAAGCAA+NCGCTTGTGT
/research/labs/neurology/fryer/projects/hSynTurboRibo/WT_PS19_P0_short_read/01.RawData/PP_7_I/PP_7_I_2.fq.gz	@A00738:772:H3FVTDSXC:1:1101:2121:1000 2:N:0:NCTGAAGCAA+NCGCTTGTGT
/research/labs/neurology/fryer/projects/hSynTurboRibo/WT_PS19_P0_short_read/01.RawData/PP_17_I/PP_17_I_1.fq.gz	@A00738:772:H3FVTDSXC:1:1101:5900:1000 1:N:0:NCACACCTAG+NTACGTCAAG
/research/labs/neurology/fryer/projects/hSynTurboRibo/WT_PS19_P0_short_read/01.RawData/PP_17_I/PP_17_I_2.fq.gz	@A00738:772:H3FVTDSXC:1:1101:5900:1000 2:N:0:NCACACCTAG+NTACGTCAAG
/research/labs/neurology/fryer/projects/hSynTurboRibo/WT_PS19_P0_short_read/01.RawData/PP_22_F/PP_22_F_2.fq.gz	@A00738:773:H2T2NDSXC:3:1101:12463:1000 2:N:0:GAGTGTCACA+NTCGTTGGTC
/research/labs/neurology/fryer/projects/hSynTurboRibo/WT_PS19_P0_short_read/01.RawData/PP_22_F/PP_22_F_1.fq.gz	@A00738:773:H2T2NDSXC:3:1101:12463:1000 1:N:0:GAGTGTCACA+NTCGTTGGTC
/research/labs/neurology/fryer/projects/hSynTurboRibo/WT_PS19_P0_short_read/01.RawData/PP_26_F/PP_26_F_1.fq.gz	@A00738:773:H2T2NDSXC:3:1101:12174:1000 1:N:0:TGACTGCCTA+NTCAACGTAC
/research/labs/neurology/fryer/projects/hSynTurboRibo/WT_PS19_P0_short_read/01.RawData/PP_26_F/PP_26_F_2.fq.gz	@A00738:773:H2T2NDSXC:3:1101:12174:1000 2:N:0:TGACTGCCTA+NTCAACGTAC
/research/labs/neurology/fryer/projects/hSynTurboRibo/WT_PS19_P0_short_read/01.RawData/PP_19_F/PP_19_F_2.fq.gz	@A00738:772:H3FVTDSXC:1:1101:4417:1000 2:N:0:NCACGCTACT+NTGCATCAAG
/research/labs/neurology/fryer/projects/hSynTurboRibo/WT_PS19_P0_short_read/01.RawData/PP_19_F/PP_19_F_1.fq.gz	@A00738:772:H3FVTDSXC:1:1101:4417:1000 1:N:0:NCACGCTACT+NTGCATCAAG
/research/labs/neurology/fryer/projects/hSynTurboRibo/WT_PS19_P0_short_read/01.RawData/PP_4_F/PP_4_F_1.fq.gz	@A00738:772:H3FVTDSXC:1:1101:1181:1000 1:N:0:NCACAGACCT+NTGACTGTCG
/research/labs/neurology/fryer/projects/hSynTurboRibo/WT_PS19_P0_short_read/01.RawData/PP_4_F/PP_4_F_2.fq.gz	@A00738:772:H3FVTDSXC:1:1101:1181:1000 2:N:0:NCACAGACCT+NTGACTGTCG
/research/labs/neurology/fryer/projects/hSynTurboRibo/WT_PS19_P0_short_read/01.RawData/PP_31_I/PP_31_I_2.fq.gz	@A00738:772:H3FVTDSXC:1:1101:3115:1000 2:N:0:NCACGAATGC+NGAGGATGTC
/research/labs/neurology/fryer/projects/hSynTurboRibo/WT_PS19_P0_short_read/01.RawData/PP_31_I/PP_31_I_1.fq.gz	@A00738:772:H3FVTDSXC:1:1101:3115:1000 1:N:0:NCACGAATGC+NGAGGATGTC
/research/labs/neurology/fryer/projects/hSynTurboRibo/WT_PS19_P0_short_read/01.RawData/PP_2_I/PP_2_I_1.fq.gz	@A00738:772:H3FVTDSXC:1:1101:2880:1000 1:N:0:NTAGCGCTCT+NCTGTGCTTA
/research/labs/neurology/fryer/projects/hSynTurboRibo/WT_PS19_P0_short_read/01.RawData/PP_2_I/PP_2_I_2.fq.gz	@A00738:772:H3FVTDSXC:1:1101:2880:1000 2:N:0:NTAGCGCTCT+NCTGTGCTTA
/research/labs/neurology/fryer/projects/hSynTurboRibo/WT_PS19_P0_short_read/01.RawData/PP_23_F/PP_23_F_1.fq.gz	@A00738:773:H2T2NDSXC:3:1101:14850:1000 1:N:0:CCTGATCCTA+NCATCTGTGT
/research/labs/neurology/fryer/projects/hSynTurboRibo/WT_PS19_P0_short_read/01.RawData/PP_23_F/PP_23_F_2.fq.gz	@A00738:773:H2T2NDSXC:3:1101:14850:1000 2:N:0:CCTGATCCTA+NCATCTGTGT
/research/labs/neurology/fryer/projects/hSynTurboRibo/WT_PS19_P0_short_read/01.RawData/PP_27_F/PP_27_F_2.fq.gz	@A00738:773:H2T2NDSXC:3:1101:11993:1000 2:N:0:TGACTTACCG+NAGGCTGTGT
/research/labs/neurology/fryer/projects/hSynTurboRibo/WT_PS19_P0_short_read/01.RawData/PP_27_F/PP_27_F_1.fq.gz	@A00738:773:H2T2NDSXC:3:1101:11993:1000 1:N:0:TGACTTACCG+NAGGCTGTGT
/research/labs/neurology/fryer/projects/hSynTurboRibo/WT_PS19_P0_short_read/01.RawData/PP_10_I/PP_10_I_2.fq.gz	@A00738:772:H3FVTDSXC:1:1101:3604:1000 2:N:0:NTAGTCTCCG+NTAGTCGTCA
/research/labs/neurology/fryer/projects/hSynTurboRibo/WT_PS19_P0_short_read/01.RawData/PP_10_I/PP_10_I_1.fq.gz	@A00738:772:H3FVTDSXC:1:1101:3604:1000 1:N:0:NTAGTCTCCG+NTAGTCGTCA
/research/labs/neurology/fryer/projects/hSynTurboRibo/WT_PS19_P0_short_read/01.RawData/PP_13_F/PP_13_F_1.fq.gz	@A00738:772:H3FVTDSXC:1:1101:7726:1000 1:N:0:NAGTGCAAGA+NTTCACGTCA
/research/labs/neurology/fryer/projects/hSynTurboRibo/WT_PS19_P0_short_read/01.RawData/PP_13_F/PP_13_F_2.fq.gz	@A00738:772:H3FVTDSXC:1:1101:7726:1000 2:N:0:NAGTGCAAGA+NTTCACGTCA
/research/labs/neurology/fryer/projects/hSynTurboRibo/WT_PS19_P0_short_read/01.RawData/PP_20_F/PP_20_F_1.fq.gz	@A00738:773:H2T2NDSXC:3:1101:18032:1000 1:N:0:TAAGCTAGCC+NTTAGCACTC
/research/labs/neurology/fryer/projects/hSynTurboRibo/WT_PS19_P0_short_read/01.RawData/PP_20_F/PP_20_F_2.fq.gz	@A00738:773:H2T2NDSXC:3:1101:18032:1000 2:N:0:TAAGCTAGCC+NTTAGCACTC
/research/labs/neurology/fryer/projects/hSynTurboRibo/WT_PS19_P0_short_read/01.RawData/PP_24_F/PP_24_F_1.fq.gz	@A00738:773:H2T2NDSXC:3:1101:16857:1000 1:N:0:GACCAAGCTT+NGTGGAGTCA
/research/labs/neurology/fryer/projects/hSynTurboRibo/WT_PS19_P0_short_read/01.RawData/PP_24_F/PP_24_F_2.fq.gz	@A00738:773:H2T2NDSXC:3:1101:16857:1000 2:N:0:GACCAAGCTT+NGTGGAGTCA
/research/labs/neurology/fryer/projects/hSynTurboRibo/WT_PS19_P0_short_read/01.RawData/PP_7_F/PP_7_F_2.fq.gz	@A00738:772:H3FVTDSXC:1:1101:31955:1000 2:N:0:GTACGTGACA+NCATCGCTTA
/research/labs/neurology/fryer/projects/hSynTurboRibo/WT_PS19_P0_short_read/01.RawData/PP_7_F/PP_7_F_1.fq.gz	@A00738:772:H3FVTDSXC:1:1101:31955:1000 1:N:0:GTACGTGACA+NCATCGCTTA
/research/labs/neurology/fryer/projects/hSynTurboRibo/WT_PS19_P0_short_read/01.RawData/PP_30_I/PP_30_I_2.fq.gz	@A00738:772:H3FVTDSXC:1:1101:5484:1000 2:N:0:NTATCGTCCG+NATTGTCAGG
/research/labs/neurology/fryer/projects/hSynTurboRibo/WT_PS19_P0_short_read/01.RawData/PP_30_I/PP_30_I_1.fq.gz	@A00738:772:H3FVTDSXC:1:1101:5484:1000 1:N:0:NTATCGTCCG+NATTGTCAGG
/research/labs/neurology/fryer/projects/hSynTurboRibo/WT_PS19_P0_short_read/01.RawData/PP_14_I/PP_14_I_2.fq.gz	@A00738:772:H3FVTDSXC:1:1101:1723:1000 2:N:0:NAGTCGTGTA+NTCGAGCTAT
/research/labs/neurology/fryer/projects/hSynTurboRibo/WT_PS19_P0_short_read/01.RawData/PP_14_I/PP_14_I_1.fq.gz	@A00738:772:H3FVTDSXC:1:1101:1723:1000 1:N:0:NAGTCGTGTA+NTCGAGCTAT
/research/labs/neurology/fryer/projects/hSynTurboRibo/WT_PS19_P0_short_read/01.RawData/PP_17_F/PP_17_F_2.fq.gz	@A00738:772:H3FVTDSXC:1:1101:1651:1000 2:N:0:NGACATTCTC+NATCGCGTGA
/research/labs/neurology/fryer/projects/hSynTurboRibo/WT_PS19_P0_short_read/01.RawData/PP_17_F/PP_17_F_1.fq.gz	@A00738:772:H3FVTDSXC:1:1101:1651:1000 1:N:0:NGACATTCTC+NATCGCGTGA
/research/labs/neurology/fryer/projects/hSynTurboRibo/WT_PS19_P0_short_read/01.RawData/PP_25_F/PP_25_F_2.fq.gz	@A00738:773:H2T2NDSXC:3:1101:11505:1000 2:N:0:ACACAGCAGT+NGTTGAGTTG
/research/labs/neurology/fryer/projects/hSynTurboRibo/WT_PS19_P0_short_read/01.RawData/PP_25_F/PP_25_F_1.fq.gz	@A00738:773:H2T2NDSXC:3:1101:11505:1000 1:N:0:ACACAGCAGT+NGTTGAGTTG
/research/labs/neurology/fryer/projects/hSynTurboRibo/WT_PS19_P0_short_read/01.RawData/PP_29_F/PP_29_F_1.fq.gz	@A00738:773:H2T2NDSXC:3:1101:12518:1000 1:N:0:CAACTCTGAG+NCAGCAGTCA
/research/labs/neurology/fryer/projects/hSynTurboRibo/WT_PS19_P0_short_read/01.RawData/PP_29_F/PP_29_F_2.fq.gz	@A00738:773:H2T2NDSXC:3:1101:12518:1000 2:N:0:CAACTCTGAG+NCAGCAGTCA
/research/labs/neurology/fryer/projects/hSynTurboRibo/WT_PS19_P0_short_read/01.RawData/PP_18_I/PP_18_I_1.fq.gz	@A00738:772:H3FVTDSXC:1:1101:2790:1000 1:N:0:NGACGAGATC+NTATCGACTC
/research/labs/neurology/fryer/projects/hSynTurboRibo/WT_PS19_P0_short_read/01.RawData/PP_18_I/PP_18_I_2.fq.gz	@A00738:772:H3FVTDSXC:1:1101:2790:1000 2:N:0:NGACGAGATC+NTATCGACTC
/research/labs/neurology/fryer/projects/hSynTurboRibo/WT_PS19_P0_short_read/01.RawData/PP_2_F/PP_2_F_2.fq.gz	@A00738:772:H3FVTDSXC:1:1101:7310:1000 2:N:0:NTTGAGCCAT+NGCATCGTCA
/research/labs/neurology/fryer/projects/hSynTurboRibo/WT_PS19_P0_short_read/01.RawData/PP_2_F/PP_2_F_1.fq.gz	@A00738:772:H3FVTDSXC:1:1101:7310:1000 1:N:0:NTTGAGCCAT+NGCATCGTCA
/research/labs/neurology/fryer/projects/hSynTurboRibo/WT_PS19_P0_short_read/01.RawData/PP_11_F/PP_11_F_2.fq.gz	@A00738:772:H3FVTDSXC:1:1101:5014:1000 2:N:0:NAAGCGCACT+NACAGATGTC
/research/labs/neurology/fryer/projects/hSynTurboRibo/WT_PS19_P0_short_read/01.RawData/PP_11_F/PP_11_F_1.fq.gz	@A00738:772:H3FVTDSXC:1:1101:5014:1000 1:N:0:NAAGCGCACT+NACAGATGTC
/research/labs/neurology/fryer/projects/hSynTurboRibo/WT_PS19_P0_short_read/01.RawData/PP_31_F/PP_31_F_1.fq.gz	@A00738:773:H2T2NDSXC:3:1101:17562:1000 1:N:0:CGACCATTGT+NTTGGAGTAC
/research/labs/neurology/fryer/projects/hSynTurboRibo/WT_PS19_P0_short_read/01.RawData/PP_31_F/PP_31_F_2.fq.gz	@A00738:773:H2T2NDSXC:3:1101:17562:1000 2:N:0:CGACCATTGT+NTTGGAGTAC
/research/labs/neurology/fryer/projects/hSynTurboRibo/WT_PS19_P0_short_read/01.RawData/PP_10_F/PP_10_F_2.fq.gz	@A00738:772:H3FVTDSXC:1:1101:4833:1000 2:N:0:NCACGACTCA+NGATGTCAGG
/research/labs/neurology/fryer/projects/hSynTurboRibo/WT_PS19_P0_short_read/01.RawData/PP_10_F/PP_10_F_1.fq.gz	@A00738:772:H3FVTDSXC:1:1101:4833:1000 1:N:0:NCACGACTCA+NGATGTCAGG
/research/labs/neurology/fryer/projects/hSynTurboRibo/WT_PS19_P0_short_read/01.RawData/PP_9_I/PP_9_I_2.fq.gz	@A00738:772:H3FVTDSXC:1:1101:1506:1000 2:N:0:NCACAAGTCG+NGAAGCGTTG
/research/labs/neurology/fryer/projects/hSynTurboRibo/WT_PS19_P0_short_read/01.RawData/PP_9_I/PP_9_I_1.fq.gz	@A00738:772:H3FVTDSXC:1:1101:1506:1000 1:N:0:NCACAAGTCG+NGAAGCGTTG
/research/labs/neurology/fryer/projects/hSynTurboRibo/WT_PS19_P0_short_read/01.RawData/PP_22_I/PP_22_I_2.fq.gz	@A00738:772:H3FVTDSXC:1:1101:3893:1000 2:N:0:NCTGACACAT+NATGGCGTAC
/research/labs/neurology/fryer/projects/hSynTurboRibo/WT_PS19_P0_short_read/01.RawData/PP_22_I/PP_22_I_1.fq.gz	@A00738:772:H3FVTDSXC:1:1101:3893:1000 1:N:0:NCTGACACAT+NATGGCGTAC
/research/labs/neurology/fryer/projects/hSynTurboRibo/WT_PS19_P0_short_read/01.RawData/PP_26_I/PP_26_I_2.fq.gz	@A00738:772:H3FVTDSXC:1:1101:12753:1000 2:N:0:NAACTACGCA+NGACGGCTTA
/research/labs/neurology/fryer/projects/hSynTurboRibo/WT_PS19_P0_short_read/01.RawData/PP_26_I/PP_26_I_1.fq.gz	@A00738:772:H3FVTDSXC:1:1101:12753:1000 1:N:0:NAACTACGCA+NGACGGCTTA
/research/labs/neurology/fryer/projects/hSynTurboRibo/WT_PS19_P0_short_read/01.RawData/PP_12_I/PP_12_I_2.fq.gz	@A00738:772:H3FVTDSXC:1:1101:4164:1000 2:N:0:NAAGCCGAAC+NCAATCGTAC
/research/labs/neurology/fryer/projects/hSynTurboRibo/WT_PS19_P0_short_read/01.RawData/PP_12_I/PP_12_I_1.fq.gz	@A00738:772:H3FVTDSXC:1:1101:4164:1000 1:N:0:NAAGCCGAAC+NCAATCGTAC
/research/labs/neurology/fryer/projects/hSynTurboRibo/WT_PS19_P0_short_read/01.RawData/PP_11_I/PP_11_I_1.fq.gz	@A00738:772:H3FVTDSXC:1:1101:20817:1000 1:N:0:TCACCTTGAC+NTAGACGTTG
/research/labs/neurology/fryer/projects/hSynTurboRibo/WT_PS19_P0_short_read/01.RawData/PP_11_I/PP_11_I_2.fq.gz	@A00738:772:H3FVTDSXC:1:1101:20817:1000 2:N:0:TCACCTTGAC+NTAGACGTTG
/research/labs/neurology/fryer/projects/hSynTurboRibo/WT_PS19_P0_short_read/01.RawData/PP_14_F/PP_14_F_1.fq.gz	@A00738:772:H3FVTDSXC:1:1101:2013:1000 1:N:0:NCTGAGATGT+NGTCTAGTTG
/research/labs/neurology/fryer/projects/hSynTurboRibo/WT_PS19_P0_short_read/01.RawData/PP_14_F/PP_14_F_2.fq.gz	@A00738:772:H3FVTDSXC:1:1101:2013:1000 2:N:0:NCTGAGATGT+NGTCTAGTTG
/research/labs/neurology/fryer/projects/hSynTurboRibo/WT_PS19_P0_short_read/01.RawData/PP_3_F/PP_3_F_2.fq.gz	@A00738:772:H3FVTDSXC:1:1101:1000:1000 2:N:0:NAGTCTGATG+NTGAACGTTG
/research/labs/neurology/fryer/projects/hSynTurboRibo/WT_PS19_P0_short_read/01.RawData/PP_3_F/PP_3_F_1.fq.gz	@A00738:772:H3FVTDSXC:1:1101:1000:1000 1:N:0:NAGTCTGATG+NTGAACGTTG
/research/labs/neurology/fryer/projects/hSynTurboRibo/WT_PS19_P0_short_read/01.RawData/PP_4_I/PP_4_I_2.fq.gz	@A00738:772:H3FVTDSXC:1:1101:1922:1000 2:N:0:NAAGCACGTG+NGTTGGACTC
/research/labs/neurology/fryer/projects/hSynTurboRibo/WT_PS19_P0_short_read/01.RawData/PP_4_I/PP_4_I_1.fq.gz	@A00738:772:H3FVTDSXC:1:1101:1922:1000 1:N:0:NAAGCACGTG+NGTTGGACTC
/research/labs/neurology/fryer/projects/hSynTurboRibo/WT_PS19_P0_short_read/01.RawData/PP_5_F/PP_5_F_1.fq.gz	@A00738:772:H3FVTDSXC:1:1101:3007:1000 1:N:0:NGACTAGTGC+NGCGAGATAT
/research/labs/neurology/fryer/projects/hSynTurboRibo/WT_PS19_P0_short_read/01.RawData/PP_5_F/PP_5_F_2.fq.gz	@A00738:772:H3FVTDSXC:1:1101:3007:1000 2:N:0:NGACTAGTGC+NGCGAGATAT
/research/labs/neurology/fryer/projects/hSynTurboRibo/WT_PS19_P0_short_read/01.RawData/PP_23_I/PP_23_I_2.fq.gz	@A00738:772:H3FVTDSXC:1:1101:2211:1000 2:N:0:NACATCGTAG+NTTAGTGTCG
/research/labs/neurology/fryer/projects/hSynTurboRibo/WT_PS19_P0_short_read/01.RawData/PP_23_I/PP_23_I_1.fq.gz	@A00738:772:H3FVTDSXC:1:1101:2211:1000 1:N:0:NACATCGTAG+NTTAGTGTCG
/research/labs/neurology/fryer/projects/hSynTurboRibo/WT_PS19_P0_short_read/01.RawData/PP_27_I/PP_27_I_2.fq.gz	@A00738:772:H3FVTDSXC:1:1101:3043:1000 2:N:0:NTACGCTTAG+NTCACTGTAG
/research/labs/neurology/fryer/projects/hSynTurboRibo/WT_PS19_P0_short_read/01.RawData/PP_27_I/PP_27_I_1.fq.gz	@A00738:772:H3FVTDSXC:1:1101:3043:1000 1:N:0:NTACGCTTAG+NTCACTGTAG
/research/labs/neurology/fryer/projects/hSynTurboRibo/WT_PS19_P0_short_read/01.RawData/PP_16_I/PP_16_I_2.fq.gz	@A00738:772:H3FVTDSXC:1:1101:1994:1000 2:N:0:NACATCACAC+NAGTGGCTTA
/research/labs/neurology/fryer/projects/hSynTurboRibo/WT_PS19_P0_short_read/01.RawData/PP_16_I/PP_16_I_1.fq.gz	@A00738:772:H3FVTDSXC:1:1101:1994:1000 1:N:0:NACATCACAC+NAGTGGCTTA
/research/labs/neurology/fryer/projects/hSynTurboRibo/WT_PS19_P0_short_read/01.RawData/PP_15_I/PP_15_I_1.fq.gz	@A00738:772:H3FVTDSXC:1:1101:6587:1000 1:N:0:NCTGAATGCA+NATCAGGTGA
/research/labs/neurology/fryer/projects/hSynTurboRibo/WT_PS19_P0_short_read/01.RawData/PP_15_I/PP_15_I_2.fq.gz	@A00738:772:H3FVTDSXC:1:1101:6587:1000 2:N:0:NCTGAATGCA+NATCAGGTGA
/research/labs/neurology/fryer/projects/hSynTurboRibo/WT_PS19_P0_short_read/01.RawData/PP_6_I/PP_6_I_2.fq.gz	@A00738:772:H3FVTDSXC:1:1101:1145:1000 2:N:0:NAGTCCTTGT+NGACACTGTC
/research/labs/neurology/fryer/projects/hSynTurboRibo/WT_PS19_P0_short_read/01.RawData/PP_6_I/PP_6_I_1.fq.gz	@A00738:772:H3FVTDSXC:1:1101:1145:1000 1:N:0:NAGTCCTTGT+NGACACTGTC
/research/labs/neurology/fryer/projects/hSynTurboRibo/WT_PS19_P0_short_read/01.RawData/PP_18_F/PP_18_F_1.fq.gz	@A00738:772:H3FVTDSXC:1:1101:9625:1000 1:N:0:NTCAACACGC+NACACGCTTA
/research/labs/neurology/fryer/projects/hSynTurboRibo/WT_PS19_P0_short_read/01.RawData/PP_18_F/PP_18_F_2.fq.gz	@A00738:772:H3FVTDSXC:1:1101:9625:1000 2:N:0:NTCAACACGC+NACACGCTTA
/research/labs/neurology/fryer/projects/hSynTurboRibo/WT_PS19_P0_short_read/01.RawData/PP_20_I/PP_20_I_1.fq.gz	@A00738:772:H3FVTDSXC:1:1101:5556:1000 1:N:0:NTACGCATGA+NCGCTATGTC
/research/labs/neurology/fryer/projects/hSynTurboRibo/WT_PS19_P0_short_read/01.RawData/PP_20_I/PP_20_I_2.fq.gz	@A00738:772:H3FVTDSXC:1:1101:5556:1000 2:N:0:NTACGCATGA+NCGCTATGTC
/research/labs/neurology/fryer/projects/hSynTurboRibo/WT_PS19_P0_short_read/01.RawData/PP_24_I/PP_24_I_2.fq.gz	@A00738:772:H3FVTDSXC:1:1101:2374:1000 2:N:0:NCACACGTGA+NAGCGGATAT
/research/labs/neurology/fryer/projects/hSynTurboRibo/WT_PS19_P0_short_read/01.RawData/PP_24_I/PP_24_I_1.fq.gz	@A00738:772:H3FVTDSXC:1:1101:2374:1000 1:N:0:NCACACGTGA+NAGCGGATAT
/research/labs/neurology/fryer/projects/hSynTurboRibo/WT_PS19_P0_short_read/01.RawData/PP_1_I/PP_1_I_2.fq.gz	@A00738:772:H3FVTDSXC:1:1101:7111:1000 2:N:0:NGACAAGTCT+NTATCGGTGA
/research/labs/neurology/fryer/projects/hSynTurboRibo/WT_PS19_P0_short_read/01.RawData/PP_1_I/PP_1_I_1.fq.gz	@A00738:772:H3FVTDSXC:1:1101:7111:1000 1:N:0:NGACAAGTCT+NTATCGGTGA
/research/labs/neurology/fryer/projects/hSynTurboRibo/WT_PS19_P0_short_read/01.RawData/PP_6_F/PP_6_F_1.fq.gz	@A00738:772:H3FVTDSXC:1:1101:1217:1000 1:N:0:NAACTAGCGA+NCTGTCGTGA
/research/labs/neurology/fryer/projects/hSynTurboRibo/WT_PS19_P0_short_read/01.RawData/PP_6_F/PP_6_F_2.fq.gz	@A00738:772:H3FVTDSXC:1:1101:1217:1000 2:N:0:NAACTAGCGA+NCTGTCGTGA
/research/labs/neurology/fryer/projects/hSynTurboRibo/WT_PS19_P0_short_read/01.RawData/PP_8_I/PP_8_I_2.fq.gz	@A00738:772:H3FVTDSXC:1:1101:1307:1000 2:N:0:NACATACTGC+NCTGAGGTCA
/research/labs/neurology/fryer/projects/hSynTurboRibo/WT_PS19_P0_short_read/01.RawData/PP_8_I/PP_8_I_1.fq.gz	@A00738:772:H3FVTDSXC:1:1101:1307:1000 1:N:0:NACATACTGC+NCTGAGGTCA
/research/labs/neurology/fryer/projects/hSynTurboRibo/WT_PS19_P0_short_read/01.RawData/PP_19_I/PP_19_I_1.fq.gz	@A00738:772:H3FVTDSXC:1:1101:8648:1000 1:N:0:NAACGTGCTT+NAGATTCAGG
/research/labs/neurology/fryer/projects/hSynTurboRibo/WT_PS19_P0_short_read/01.RawData/PP_19_I/PP_19_I_2.fq.gz	@A00738:772:H3FVTDSXC:1:1101:8648:1000 2:N:0:NAACGTGCTT+NAGATTCAGG
/research/labs/neurology/fryer/projects/hSynTurboRibo/WT_PS19_P0_short_read/01.RawData/PP_8_F/PP_8_F_1.fq.gz	@A00738:772:H3FVTDSXC:1:1101:2935:1000 1:N:0:NGACATACCT+NGAGCTCAAG
/research/labs/neurology/fryer/projects/hSynTurboRibo/WT_PS19_P0_short_read/01.RawData/PP_8_F/PP_8_F_2.fq.gz	@A00738:772:H3FVTDSXC:1:1101:2935:1000 2:N:0:NGACATACCT+NGAGCTCAAG
/research/labs/neurology/fryer/projects/hSynTurboRibo/WT_PS19_P0_short_read/01.RawData/PP_12_F/PP_12_F_1.fq.gz	@A00738:772:H3FVTDSXC:1:1101:2085:1000 1:N:0:NTTGAGTGTC+NCTAGTGTGT
/research/labs/neurology/fryer/projects/hSynTurboRibo/WT_PS19_P0_short_read/01.RawData/PP_12_F/PP_12_F_2.fq.gz	@A00738:772:H3FVTDSXC:1:1101:2085:1000 2:N:0:NTTGAGTGTC+NCTAGTGTGT
/research/labs/neurology/fryer/projects/hSynTurboRibo/WT_PS19_P0_short_read/01.RawData/PP_21_I/PP_21_I_1.fq.gz	@A00738:772:H3FVTDSXC:1:1101:2049:1000 1:N:0:NGACACCATA+NACTGTGTGT
/research/labs/neurology/fryer/projects/hSynTurboRibo/WT_PS19_P0_short_read/01.RawData/PP_21_I/PP_21_I_2.fq.gz	@A00738:772:H3FVTDSXC:1:1101:2049:1000 2:N:0:NGACACCATA+NACTGTGTGT
/research/labs/neurology/fryer/projects/hSynTurboRibo/WT_PS19_P0_short_read/01.RawData/PP_25_I/PP_25_I_2.fq.gz	@A00738:772:H3FVTDSXC:1:1101:1669:1000 2:N:0:NGACGCCTTA+NTCTTCGTGA
/research/labs/neurology/fryer/projects/hSynTurboRibo/WT_PS19_P0_short_read/01.RawData/PP_25_I/PP_25_I_1.fq.gz	@A00738:772:H3FVTDSXC:1:1101:1669:1000 1:N:0:NGACGCCTTA+NTCTTCGTGA
/research/labs/neurology/fryer/projects/hSynTurboRibo/WT_PS19_P0_short_read/01.RawData/PP_29_I/PP_29_I_2.fq.gz	@A00738:772:H3FVTDSXC:1:1101:9263:1000 2:N:0:NGACAGAAGT+NTAGAGACTC
/research/labs/neurology/fryer/projects/hSynTurboRibo/WT_PS19_P0_short_read/01.RawData/PP_29_I/PP_29_I_1.fq.gz	@A00738:772:H3FVTDSXC:1:1101:9263:1000 1:N:0:NGACAGAAGT+NTAGAGACTC
/research/labs/neurology/fryer/projects/hSynTurboRibo/WT_PS19_P0_short_read/01.RawData/PP_3_I/PP_3_I_1.fq.gz	@A00738:772:H3FVTDSXC:1:1101:5213:1000 1:N:0:NCACCGCATA+NGTTGTCAAG
/research/labs/neurology/fryer/projects/hSynTurboRibo/WT_PS19_P0_short_read/01.RawData/PP_3_I/PP_3_I_2.fq.gz	@A00738:772:H3FVTDSXC:1:1101:5213:1000 2:N:0:NCACCGCATA+NGTTGTCAAG
