/research/labs/neurology/fryer/projects/hSynTurboRibo/WT_PS19_P0_short_read/01.RawData/WP_1_Final/WP_1_Final_1.fq.gz	@A00742:814:H2TM2DSXC:3:1101:2537:1000 1:N:0:GAACCTCGAT+CAAGACGCTT
/research/labs/neurology/fryer/projects/hSynTurboRibo/WT_PS19_P0_short_read/01.RawData/WP_1_Final/WP_1_Final_2.fq.gz	@A00742:814:H2TM2DSXC:3:1101:2537:1000 2:N:0:GAACCTCGAT+CAAGACGCTT
/research/labs/neurology/fryer/projects/hSynTurboRibo/WT_PS19_P0_short_read/01.RawData/WP_4_Input/WP_4_Input_1.fq.gz	@A00738:773:H2T2NDSXC:3:1101:13349:1000 1:N:0:GAGTTCAGAC+NGTATGCAAG
/research/labs/neurology/fryer/projects/hSynTurboRibo/WT_PS19_P0_short_read/01.RawData/WP_4_Input/WP_4_Input_2.fq.gz	@A00738:773:H2T2NDSXC:3:1101:13349:1000 2:N:0:GAGTTCAGAC+NGTATGCAAG
/research/labs/neurology/fryer/projects/hSynTurboRibo/WT_PS19_P0_short_read/01.RawData/WP_18_Input/WP_18_Input_1.fq.gz	@A00742:814:H2TM2DSXC:3:1101:2862:1000 1:N:0:GCTATGTGTC+TGACGCATCT
/research/labs/neurology/fryer/projects/hSynTurboRibo/WT_PS19_P0_short_read/01.RawData/WP_18_Input/WP_18_Input_2.fq.gz	@A00742:814:H2TM2DSXC:3:1101:2862:1000 2:N:0:GCTATGTGTC+TGACGCATCT
/research/labs/neurology/fryer/projects/hSynTurboRibo/WT_PS19_P0_short_read/01.RawData/WP_22_Input/WP_22_Input_1.fq.gz	@A00742:814:H2TM2DSXC:3:1101:2465:1000 1:N:0:CAGTCGAAGA+TAGTACGTGC
/research/labs/neurology/fryer/projects/hSynTurboRibo/WT_PS19_P0_short_read/01.RawData/WP_22_Input/WP_22_Input_2.fq.gz	@A00742:814:H2TM2DSXC:3:1101:2465:1000 2:N:0:CAGTCGAAGA+TAGTACGTGC
/research/labs/neurology/fryer/projects/hSynTurboRibo/WT_PS19_P0_short_read/01.RawData/WP_19_Input/WP_19_Input_2.fq.gz	@A00742:814:H2TM2DSXC:3:1101:3007:1000 2:N:0:CCGTTAACTC+GTCTCTACGT
/research/labs/neurology/fryer/projects/hSynTurboRibo/WT_PS19_P0_short_read/01.RawData/WP_19_Input/WP_19_Input_1.fq.gz	@A00742:814:H2TM2DSXC:3:1101:3007:1000 1:N:0:CCGTTAACTC+GTCTCTACGT
/research/labs/neurology/fryer/projects/hSynTurboRibo/WT_PS19_P0_short_read/01.RawData/WP_8_Input/WP_8_Input_1.fq.gz	@A00738:773:H2T2NDSXC:3:1101:13982:1000 1:N:0:ACACAGTACG+NCTTGTGGTC
/research/labs/neurology/fryer/projects/hSynTurboRibo/WT_PS19_P0_short_read/01.RawData/WP_8_Input/WP_8_Input_2.fq.gz	@A00738:773:H2T2NDSXC:3:1101:13982:1000 2:N:0:ACACAGTACG+NCTTGTGGTC
/research/labs/neurology/fryer/projects/hSynTurboRibo/WT_PS19_P0_short_read/01.RawData/WP_19_Final/WP_19_Final_1.fq.gz	@A00738:774:H2TK3DSXC:1:1101:25780:1016 1:N:0:TCTGTCTACG+NTTCTTGAGC
/research/labs/neurology/fryer/projects/hSynTurboRibo/WT_PS19_P0_short_read/01.RawData/WP_19_Final/WP_19_Final_2.fq.gz	@A00738:774:H2TK3DSXC:1:1101:25780:1016 2:N:0:TCTGTCTACG+NTTCTTGAGC
/research/labs/neurology/fryer/projects/hSynTurboRibo/WT_PS19_P0_short_read/01.RawData/WP_5_Final/WP_5_Final_2.fq.gz	@A00742:814:H2TM2DSXC:4:1101:2935:1000 2:N:0:AGCGCTACAT+TCGCAATAGC
/research/labs/neurology/fryer/projects/hSynTurboRibo/WT_PS19_P0_short_read/01.RawData/WP_5_Final/WP_5_Final_1.fq.gz	@A00742:814:H2TM2DSXC:4:1101:2935:1000 1:N:0:AGCGCTACAT+TCGCAATAGC
/research/labs/neurology/fryer/projects/hSynTurboRibo/WT_PS19_P0_short_read/01.RawData/WP_7_Input/WP_7_Input_1.fq.gz	@A00738:773:H2T2NDSXC:3:1101:10999:1000 1:N:0:GACCACCTAA+NGTCATCAGG
/research/labs/neurology/fryer/projects/hSynTurboRibo/WT_PS19_P0_short_read/01.RawData/WP_7_Input/WP_7_Input_2.fq.gz	@A00738:773:H2T2NDSXC:3:1101:10999:1000 2:N:0:GACCACCTAA+NGTCATCAGG
/research/labs/neurology/fryer/projects/hSynTurboRibo/WT_PS19_P0_short_read/01.RawData/WP_9_Input/WP_9_Input_2.fq.gz	@A00738:773:H2T2NDSXC:3:1101:11360:1000 2:N:0:GTACTGCACT+NCGCAAGTCA
/research/labs/neurology/fryer/projects/hSynTurboRibo/WT_PS19_P0_short_read/01.RawData/WP_9_Input/WP_9_Input_1.fq.gz	@A00738:773:H2T2NDSXC:3:1101:11360:1000 1:N:0:GTACTGCACT+NCGCAAGTCA
/research/labs/neurology/fryer/projects/hSynTurboRibo/WT_PS19_P0_short_read/01.RawData/WP_4_Final/WP_4_Final_2.fq.gz	@A00742:814:H2TM2DSXC:4:1101:3640:1000 2:N:0:TCTGTCCGAG+ACTGTTCGAG
/research/labs/neurology/fryer/projects/hSynTurboRibo/WT_PS19_P0_short_read/01.RawData/WP_4_Final/WP_4_Final_1.fq.gz	@A00742:814:H2TM2DSXC:4:1101:3640:1000 1:N:0:TCTGTCCGAG+ACTGTTCGAG
/research/labs/neurology/fryer/projects/hSynTurboRibo/WT_PS19_P0_short_read/01.RawData/WP_21_Final/WP_21_Final_2.fq.gz	@A00738:774:H2TK3DSXC:1:1101:24008:1016 2:N:0:CTCGACACAA+NACGACATCT
/research/labs/neurology/fryer/projects/hSynTurboRibo/WT_PS19_P0_short_read/01.RawData/WP_21_Final/WP_21_Final_1.fq.gz	@A00738:774:H2TK3DSXC:1:1101:24008:1016 1:N:0:CTCGACACAA+NACGACATCT
/research/labs/neurology/fryer/projects/hSynTurboRibo/WT_PS19_P0_short_read/01.RawData/WP_15_Input/WP_15_Input_2.fq.gz	@A00738:773:H2T2NDSXC:3:1101:16242:1000 2:N:0:TAAGTGCCTG+NGTCGTTGAT
/research/labs/neurology/fryer/projects/hSynTurboRibo/WT_PS19_P0_short_read/01.RawData/WP_15_Input/WP_15_Input_1.fq.gz	@A00738:773:H2T2NDSXC:3:1101:16242:1000 1:N:0:TAAGTGCCTG+NGTCGTTGAT
/research/labs/neurology/fryer/projects/hSynTurboRibo/WT_PS19_P0_short_read/01.RawData/WP_8_Final/WP_8_Final_1.fq.gz	@A00738:774:H2TK3DSXC:1:1101:23719:1016 1:N:0:GCTCAACTAG+NGCAGCATCT
/research/labs/neurology/fryer/projects/hSynTurboRibo/WT_PS19_P0_short_read/01.RawData/WP_8_Final/WP_8_Final_2.fq.gz	@A00738:774:H2TK3DSXC:1:1101:23719:1016 2:N:0:GCTCAACTAG+NGCAGCATCT
/research/labs/neurology/fryer/projects/hSynTurboRibo/WT_PS19_P0_short_read/01.RawData/WP_22_Final/WP_22_Final_2.fq.gz	@A00738:774:H2TK3DSXC:1:1101:24153:1016 2:N:0:GCTCACAGTA+NAGGTGACGT
/research/labs/neurology/fryer/projects/hSynTurboRibo/WT_PS19_P0_short_read/01.RawData/WP_22_Final/WP_22_Final_1.fq.gz	@A00738:774:H2TK3DSXC:1:1101:24153:1016 1:N:0:GCTCACAGTA+NAGGTGACGT
/research/labs/neurology/fryer/projects/hSynTurboRibo/WT_PS19_P0_short_read/01.RawData/WP_2_Final/WP_2_Final_1.fq.gz	@A00742:814:H2TM2DSXC:3:1101:2338:1000 1:N:0:GCACGTGTAA+CGGTTACAGA
/research/labs/neurology/fryer/projects/hSynTurboRibo/WT_PS19_P0_short_read/01.RawData/WP_2_Final/WP_2_Final_2.fq.gz	@A00742:814:H2TM2DSXC:3:1101:2338:1000 2:N:0:GCACGTGTAA+CGGTTACAGA
/research/labs/neurology/fryer/projects/hSynTurboRibo/WT_PS19_P0_short_read/01.RawData/WP_3_Final/WP_3_Final_1.fq.gz	@A00742:814:H2TM2DSXC:4:1101:4309:1000 1:N:0:AAGCGTGCAA+CATTAGCGCT
/research/labs/neurology/fryer/projects/hSynTurboRibo/WT_PS19_P0_short_read/01.RawData/WP_3_Final/WP_3_Final_2.fq.gz	@A00742:814:H2TM2DSXC:4:1101:4309:1000 2:N:0:AAGCGTGCAA+CATTAGCGCT
/research/labs/neurology/fryer/projects/hSynTurboRibo/WT_PS19_P0_short_read/01.RawData/WP_1_Input/WP_1_Input_2.fq.gz	@A00738:773:H2T2NDSXC:3:1101:18973:1000 2:N:0:ATCAACCGAC+NTTATGGTCG
/research/labs/neurology/fryer/projects/hSynTurboRibo/WT_PS19_P0_short_read/01.RawData/WP_1_Input/WP_1_Input_1.fq.gz	@A00738:773:H2T2NDSXC:3:1101:18973:1000 1:N:0:ATCAACCGAC+NTTATGGTCG
/research/labs/neurology/fryer/projects/hSynTurboRibo/WT_PS19_P0_short_read/01.RawData/WP_2_Input/WP_2_Input_2.fq.gz	@A00738:773:H2T2NDSXC:3:1101:13024:1000 2:N:0:TCACGTACAC+NGCTGTTGAT
/research/labs/neurology/fryer/projects/hSynTurboRibo/WT_PS19_P0_short_read/01.RawData/WP_2_Input/WP_2_Input_1.fq.gz	@A00738:773:H2T2NDSXC:3:1101:13024:1000 1:N:0:TCACGTACAC+NGCTGTTGAT
/research/labs/neurology/fryer/projects/hSynTurboRibo/WT_PS19_P0_short_read/01.RawData/WP_14_Final/WP_14_Final_1.fq.gz	@A00738:774:H2TK3DSXC:1:1101:25708:1016 1:N:0:TTCGTTGACG+NCGTAGGTTC
/research/labs/neurology/fryer/projects/hSynTurboRibo/WT_PS19_P0_short_read/01.RawData/WP_14_Final/WP_14_Final_2.fq.gz	@A00738:774:H2TK3DSXC:1:1101:25708:1016 2:N:0:TTCGTTGACG+NCGTAGGTTC
/research/labs/neurology/fryer/projects/hSynTurboRibo/WT_PS19_P0_short_read/01.RawData/WP_11_Final/WP_11_Final_2.fq.gz	@A00738:774:H2TK3DSXC:1:1101:24840:1016 2:N:0:AGATGTCCGA+NTGGAACGAA
/research/labs/neurology/fryer/projects/hSynTurboRibo/WT_PS19_P0_short_read/01.RawData/WP_11_Final/WP_11_Final_1.fq.gz	@A00738:774:H2TK3DSXC:1:1101:24840:1016 1:N:0:AGATGTCCGA+NTGGAACGAA
/research/labs/neurology/fryer/projects/hSynTurboRibo/WT_PS19_P0_short_read/01.RawData/WP_13_Final/WP_13_Final_2.fq.gz	@A00738:774:H2TK3DSXC:1:1101:24316:1016 2:N:0:ACGTATCAGC+NTAAGGACTG
/research/labs/neurology/fryer/projects/hSynTurboRibo/WT_PS19_P0_short_read/01.RawData/WP_13_Final/WP_13_Final_1.fq.gz	@A00738:774:H2TK3DSXC:1:1101:24316:1016 1:N:0:ACGTATCAGC+NTAAGGACTG
/research/labs/neurology/fryer/projects/hSynTurboRibo/WT_PS19_P0_short_read/01.RawData/WP_21_Input/WP_21_Input_2.fq.gz	@A00742:814:H2TM2DSXC:3:1101:4598:1000 2:N:0:ACGTAGCACA+GATTGGACTG
/research/labs/neurology/fryer/projects/hSynTurboRibo/WT_PS19_P0_short_read/01.RawData/WP_21_Input/WP_21_Input_1.fq.gz	@A00742:814:H2TM2DSXC:3:1101:4598:1000 1:N:0:ACGTAGCACA+GATTGGACTG
/research/labs/neurology/fryer/projects/hSynTurboRibo/WT_PS19_P0_short_read/01.RawData/WP_5_Input/WP_5_Input_2.fq.gz	@A00738:773:H2T2NDSXC:3:1101:11035:1000 2:N:0:CCTGATGTTG+NAGCACACTC
/research/labs/neurology/fryer/projects/hSynTurboRibo/WT_PS19_P0_short_read/01.RawData/WP_5_Input/WP_5_Input_1.fq.gz	@A00738:773:H2T2NDSXC:3:1101:11035:1000 1:N:0:CCTGATGTTG+NAGCACACTC
/research/labs/neurology/fryer/projects/hSynTurboRibo/WT_PS19_P0_short_read/01.RawData/WP_11_Input/WP_11_Input_2.fq.gz	@A00738:773:H2T2NDSXC:3:1101:11957:1000 2:N:0:CGACCTAACA+NCTTCAGTTG
/research/labs/neurology/fryer/projects/hSynTurboRibo/WT_PS19_P0_short_read/01.RawData/WP_11_Input/WP_11_Input_1.fq.gz	@A00738:773:H2T2NDSXC:3:1101:11957:1000 1:N:0:CGACCTAACA+NCTTCAGTTG
/research/labs/neurology/fryer/projects/hSynTurboRibo/WT_PS19_P0_short_read/01.RawData/WP_17_Input/WP_17_Input_2.fq.gz	@A00742:814:H2TM2DSXC:3:1101:2266:1000 2:N:0:AGCGCATGTT+ATGGCATAGC
/research/labs/neurology/fryer/projects/hSynTurboRibo/WT_PS19_P0_short_read/01.RawData/WP_17_Input/WP_17_Input_1.fq.gz	@A00742:814:H2TM2DSXC:3:1101:2266:1000 1:N:0:AGCGCATGTT+ATGGCATAGC
/research/labs/neurology/fryer/projects/hSynTurboRibo/WT_PS19_P0_short_read/01.RawData/WP_7_Final/WP_7_Final_2.fq.gz	@A00742:814:H2TM2DSXC:4:1101:2718:1000 2:N:0:CTCGAACGAA+AGAGTAACGG
/research/labs/neurology/fryer/projects/hSynTurboRibo/WT_PS19_P0_short_read/01.RawData/WP_7_Final/WP_7_Final_1.fq.gz	@A00742:814:H2TM2DSXC:4:1101:2718:1000 1:N:0:CTCGAACGAA+AGAGTAACGG
/research/labs/neurology/fryer/projects/hSynTurboRibo/WT_PS19_P0_short_read/01.RawData/WP_20_Final/WP_20_Final_1.fq.gz	@A00738:774:H2TK3DSXC:1:1101:24532:1016 1:N:0:AGCGTAAGAG+NTGTGAACGG
/research/labs/neurology/fryer/projects/hSynTurboRibo/WT_PS19_P0_short_read/01.RawData/WP_20_Final/WP_20_Final_2.fq.gz	@A00738:774:H2TK3DSXC:1:1101:24532:1016 2:N:0:AGCGTAAGAG+NTGTGAACGG
/research/labs/neurology/fryer/projects/hSynTurboRibo/WT_PS19_P0_short_read/01.RawData/WP_15_Final/WP_15_Final_1.fq.gz	@A00738:774:H2TK3DSXC:1:1101:23502:1016 1:N:0:GAACCTGCTA+NATGGACAGA
/research/labs/neurology/fryer/projects/hSynTurboRibo/WT_PS19_P0_short_read/01.RawData/WP_15_Final/WP_15_Final_2.fq.gz	@A00738:774:H2TK3DSXC:1:1101:23502:1016 2:N:0:GAACCTGCTA+NATGGACAGA
/research/labs/neurology/fryer/projects/hSynTurboRibo/WT_PS19_P0_short_read/01.RawData/WP_9_Final/WP_9_Final_1.fq.gz	@A00738:774:H2TK3DSXC:1:1101:23972:1016 1:N:0:CCGTTAGACA+NGAACTACGT
/research/labs/neurology/fryer/projects/hSynTurboRibo/WT_PS19_P0_short_read/01.RawData/WP_9_Final/WP_9_Final_2.fq.gz	@A00738:774:H2TK3DSXC:1:1101:23972:1016 2:N:0:CCGTTAGACA+NGAACTACGT
/research/labs/neurology/fryer/projects/hSynTurboRibo/WT_PS19_P0_short_read/01.RawData/WP_18_Final/WP_18_Final_1.fq.gz	@A00738:774:H2TK3DSXC:1:1101:22688:1016 1:N:0:AAGCTAAGCC+NTTCTTCGAG
/research/labs/neurology/fryer/projects/hSynTurboRibo/WT_PS19_P0_short_read/01.RawData/WP_18_Final/WP_18_Final_2.fq.gz	@A00738:774:H2TK3DSXC:1:1101:22688:1016 2:N:0:AAGCTAAGCC+NTTCTTCGAG
/research/labs/neurology/fryer/projects/hSynTurboRibo/WT_PS19_P0_short_read/01.RawData/WP_13_Input/WP_13_Input_2.fq.gz	@A00738:773:H2T2NDSXC:3:1101:12391:1000 2:N:0:ATCAACGCAG+NTCTCAGTAC
/research/labs/neurology/fryer/projects/hSynTurboRibo/WT_PS19_P0_short_read/01.RawData/WP_13_Input/WP_13_Input_1.fq.gz	@A00738:773:H2T2NDSXC:3:1101:12391:1000 1:N:0:ATCAACGCAG+NTCTCAGTAC
/research/labs/neurology/fryer/projects/hSynTurboRibo/WT_PS19_P0_short_read/01.RawData/WP_16_Input/WP_16_Input_2.fq.gz	@A00738:773:H2T2NDSXC:3:1101:14326:1000 2:N:0:CTTGCGATTG+NGCTACGTGA
/research/labs/neurology/fryer/projects/hSynTurboRibo/WT_PS19_P0_short_read/01.RawData/WP_16_Input/WP_16_Input_1.fq.gz	@A00738:773:H2T2NDSXC:3:1101:14326:1000 1:N:0:CTTGCGATTG+NGCTACGTGA
/research/labs/neurology/fryer/projects/hSynTurboRibo/WT_PS19_P0_short_read/01.RawData/WP_20_Input/WP_20_Input_1.fq.gz	@A00742:814:H2TM2DSXC:3:1101:2609:1000 1:N:0:AGATGCTCAG+TGAGGACGAA
/research/labs/neurology/fryer/projects/hSynTurboRibo/WT_PS19_P0_short_read/01.RawData/WP_20_Input/WP_20_Input_2.fq.gz	@A00742:814:H2TM2DSXC:3:1101:2609:1000 2:N:0:AGATGCTCAG+TGAGGACGAA
/research/labs/neurology/fryer/projects/hSynTurboRibo/WT_PS19_P0_short_read/01.RawData/WP_3_Input/WP_3_Input_2.fq.gz	@A00738:773:H2T2NDSXC:3:1101:11577:1000 2:N:0:CTTGCATGAC+NGTCAGCTTA
/research/labs/neurology/fryer/projects/hSynTurboRibo/WT_PS19_P0_short_read/01.RawData/WP_3_Input/WP_3_Input_1.fq.gz	@A00738:773:H2T2NDSXC:3:1101:11577:1000 1:N:0:CTTGCATGAC+NGTCAGCTTA
/research/labs/neurology/fryer/projects/hSynTurboRibo/WT_PS19_P0_short_read/01.RawData/WP_16_Final/WP_16_Final_2.fq.gz	@A00738:774:H2TK3DSXC:1:1101:25690:1016 2:N:0:GCACTACATC+NGTAAGCGCT
/research/labs/neurology/fryer/projects/hSynTurboRibo/WT_PS19_P0_short_read/01.RawData/WP_16_Final/WP_16_Final_1.fq.gz	@A00738:774:H2TK3DSXC:1:1101:25690:1016 1:N:0:GCACTACATC+NGTAAGCGCT
/research/labs/neurology/fryer/projects/hSynTurboRibo/WT_PS19_P0_short_read/01.RawData/WP_14_Input/WP_14_Input_2.fq.gz	@A00738:773:H2T2NDSXC:3:1101:14543:1000 2:N:0:TCACGTCGAT+NTATCGGTCG
/research/labs/neurology/fryer/projects/hSynTurboRibo/WT_PS19_P0_short_read/01.RawData/WP_14_Input/WP_14_Input_1.fq.gz	@A00738:773:H2T2NDSXC:3:1101:14543:1000 1:N:0:TCACGTCGAT+NTATCGGTCG
