/research/labs/neurology/fryer/projects/hSynTurboRibo/PS19_P0_snRNAseq/01.RawData/PP_13/PP_13_CKDL240007381-1A_H2T5GDSXC_S3_L004_I2_001.fastq.gz	@A00742:815:H2T5GDSXC:4:1101:1163:1000 2:N:0:TGCGCGGTTT+TTTATCCTTG
/research/labs/neurology/fryer/projects/hSynTurboRibo/PS19_P0_snRNAseq/01.RawData/PP_13/PP_13_CKDL240007381-1A_H2T5GDSXC_S3_L004_R1_001.fastq.gz	@A00742:815:H2T5GDSXC:4:1101:1163:1000 1:N:0:TGCGCGGTTT+TTTATCCTTG
/research/labs/neurology/fryer/projects/hSynTurboRibo/PS19_P0_snRNAseq/01.RawData/PP_13/PP_13_CKDL240007381-1A_H2T5GDSXC_S3_L004_I1_001.fastq.gz	@A00742:815:H2T5GDSXC:4:1101:1163:1000 1:N:0:TGCGCGGTTT+TTTATCCTTG
/research/labs/neurology/fryer/projects/hSynTurboRibo/PS19_P0_snRNAseq/01.RawData/PP_13/PP_13_CKDL240007381-1A_H2T5GDSXC_S3_L004_R2_001.fastq.gz	@A00742:815:H2T5GDSXC:4:1101:1163:1000 2:N:0:TGCGCGGTTT+TTTATCCTTG
/research/labs/neurology/fryer/projects/hSynTurboRibo/PS19_P0_snRNAseq/01.RawData/PP_11/PP_11_CKDL240007380-1A_H2T5GDSXC_S2_L004_I1_001.fastq.gz	@A00742:815:H2T5GDSXC:4:1101:1325:1000 1:N:0:ACAGTAACTA+AACGAACTGT
/research/labs/neurology/fryer/projects/hSynTurboRibo/PS19_P0_snRNAseq/01.RawData/PP_11/PP_11_CKDL240007380-1A_H2T5GDSXC_S2_L004_R1_001.fastq.gz	@A00742:815:H2T5GDSXC:4:1101:1325:1000 1:N:0:ACAGTAACTA+AACGAACTGT
/research/labs/neurology/fryer/projects/hSynTurboRibo/PS19_P0_snRNAseq/01.RawData/PP_11/PP_11_CKDL240007380-1A_H2T5GDSXC_S2_L004_R2_001.fastq.gz	@A00742:815:H2T5GDSXC:4:1101:1325:1000 2:N:0:ACAGTAACTA+AACGAACTGT
/research/labs/neurology/fryer/projects/hSynTurboRibo/PS19_P0_snRNAseq/01.RawData/PP_11/PP_11_CKDL240007380-1A_H2T5GDSXC_S2_L004_I2_001.fastq.gz	@A00742:815:H2T5GDSXC:4:1101:1325:1000 2:N:0:ACAGTAACTA+AACGAACTGT
/research/labs/neurology/fryer/projects/hSynTurboRibo/PS19_P0_snRNAseq/01.RawData/PP_22/PP_22_CKDL240007385-1A_H2T5GDSXC_S7_L004_R1_001.fastq.gz	@A00742:815:H2T5GDSXC:4:1101:1127:1000 1:N:0:TGTAGTCATT+TACGATCAAG
/research/labs/neurology/fryer/projects/hSynTurboRibo/PS19_P0_snRNAseq/01.RawData/PP_22/PP_22_CKDL240007385-1A_H2T5GDSXC_S7_L004_I1_001.fastq.gz	@A00742:815:H2T5GDSXC:4:1101:1127:1000 1:N:0:TGTAGTCATT+TACGATCAAG
/research/labs/neurology/fryer/projects/hSynTurboRibo/PS19_P0_snRNAseq/01.RawData/PP_22/PP_22_CKDL240007385-1A_H2T5GDSXC_S7_L004_R2_001.fastq.gz	@A00742:815:H2T5GDSXC:4:1101:1127:1000 2:N:0:TGTAGTCATT+TACGATCAAG
/research/labs/neurology/fryer/projects/hSynTurboRibo/PS19_P0_snRNAseq/01.RawData/PP_22/PP_22_CKDL240007385-1A_H2T5GDSXC_S7_L004_I2_001.fastq.gz	@A00742:815:H2T5GDSXC:4:1101:1127:1000 2:N:0:TGTAGTCATT+TACGATCAAG
/research/labs/neurology/fryer/projects/hSynTurboRibo/PS19_P0_snRNAseq/01.RawData/PP_15/PP_15_CKDL240007383-1A_H2T5GDSXC_S4_L004_I2_001.fastq.gz	@A00742:815:H2T5GDSXC:4:1101:1108:1000 2:N:0:TTATTCGAGG+AGCAGGACAG
/research/labs/neurology/fryer/projects/hSynTurboRibo/PS19_P0_snRNAseq/01.RawData/PP_15/PP_15_CKDL240007383-1A_H2T5GDSXC_S4_L004_I1_001.fastq.gz	@A00742:815:H2T5GDSXC:4:1101:1108:1000 1:N:0:TTATTCGAGG+AGCAGGACAG
/research/labs/neurology/fryer/projects/hSynTurboRibo/PS19_P0_snRNAseq/01.RawData/PP_15/PP_15_CKDL240007383-1A_H2T5GDSXC_S4_L004_R2_001.fastq.gz	@A00742:815:H2T5GDSXC:4:1101:1108:1000 2:N:0:TTATTCGAGG+AGCAGGACAG
/research/labs/neurology/fryer/projects/hSynTurboRibo/PS19_P0_snRNAseq/01.RawData/PP_15/PP_15_CKDL240007383-1A_H2T5GDSXC_S4_L004_R1_001.fastq.gz	@A00742:815:H2T5GDSXC:4:1101:1108:1000 1:N:0:TTATTCGAGG+AGCAGGACAG
/research/labs/neurology/fryer/projects/hSynTurboRibo/PS19_P0_snRNAseq/01.RawData/PP_14/PP_14_CKDL240007382-1A_H2T5GDSXC_S5_L004_R1_001.fastq.gz	@A00742:815:H2T5GDSXC:4:1101:1253:1000 1:N:0:TGCAATGTTC+TTCGACAAGC
/research/labs/neurology/fryer/projects/hSynTurboRibo/PS19_P0_snRNAseq/01.RawData/PP_14/PP_14_CKDL240007382-1A_H2T5GDSXC_S5_L004_I2_001.fastq.gz	@A00742:815:H2T5GDSXC:4:1101:1253:1000 2:N:0:TGCAATGTTC+TTCGACAAGC
/research/labs/neurology/fryer/projects/hSynTurboRibo/PS19_P0_snRNAseq/01.RawData/PP_14/PP_14_CKDL240007382-1A_H2T5GDSXC_S5_L004_R2_001.fastq.gz	@A00742:815:H2T5GDSXC:4:1101:1253:1000 2:N:0:TGCAATGTTC+TTCGACAAGC
/research/labs/neurology/fryer/projects/hSynTurboRibo/PS19_P0_snRNAseq/01.RawData/PP_14/PP_14_CKDL240007382-1A_H2T5GDSXC_S5_L004_I1_001.fastq.gz	@A00742:815:H2T5GDSXC:4:1101:1253:1000 1:N:0:TGCAATGTTC+TTCGACAAGC
/research/labs/neurology/fryer/projects/hSynTurboRibo/PS19_P0_snRNAseq/01.RawData/PP_23/PP_23_CKDL240007386-1A_H2T5GDSXC_S8_L004_I2_001.fastq.gz	@A00742:815:H2T5GDSXC:4:1101:1199:1000 2:N:0:ACAATGTGAA+TAACGGTACG
/research/labs/neurology/fryer/projects/hSynTurboRibo/PS19_P0_snRNAseq/01.RawData/PP_23/PP_23_CKDL240007386-1A_H2T5GDSXC_S8_L004_I1_001.fastq.gz	@A00742:815:H2T5GDSXC:4:1101:1199:1000 1:N:0:ACAATGTGAA+TAACGGTACG
/research/labs/neurology/fryer/projects/hSynTurboRibo/PS19_P0_snRNAseq/01.RawData/PP_23/PP_23_CKDL240007386-1A_H2T5GDSXC_S8_L004_R1_001.fastq.gz	@A00742:815:H2T5GDSXC:4:1101:1199:1000 1:N:0:ACAATGTGAA+TAACGGTACG
/research/labs/neurology/fryer/projects/hSynTurboRibo/PS19_P0_snRNAseq/01.RawData/PP_23/PP_23_CKDL240007386-1A_H2T5GDSXC_S8_L004_R2_001.fastq.gz	@A00742:815:H2T5GDSXC:4:1101:1199:1000 2:N:0:ACAATGTGAA+TAACGGTACG
/research/labs/neurology/fryer/projects/hSynTurboRibo/PS19_P0_snRNAseq/01.RawData/PP_4/PP_4_CKDL240007379-1A_H2T5GDSXC_S1_L004_I2_001.fastq.gz	@A00742:815:H2T5GDSXC:4:1101:1181:1000 2:N:0:GTAACATGCG+AGGTAACACT
/research/labs/neurology/fryer/projects/hSynTurboRibo/PS19_P0_snRNAseq/01.RawData/PP_4/PP_4_CKDL240007379-1A_H2T5GDSXC_S1_L004_R1_001.fastq.gz	@A00742:815:H2T5GDSXC:4:1101:1181:1000 1:N:0:GTAACATGCG+AGGTAACACT
/research/labs/neurology/fryer/projects/hSynTurboRibo/PS19_P0_snRNAseq/01.RawData/PP_4/PP_4_CKDL240007379-1A_H2T5GDSXC_S1_L004_I1_001.fastq.gz	@A00742:815:H2T5GDSXC:4:1101:1181:1000 1:N:0:GTAACATGCG+AGGTAACACT
/research/labs/neurology/fryer/projects/hSynTurboRibo/PS19_P0_snRNAseq/01.RawData/PP_4/PP_4_CKDL240007379-1A_H2T5GDSXC_S1_L004_R2_001.fastq.gz	@A00742:815:H2T5GDSXC:4:1101:1181:1000 2:N:0:GTAACATGCG+AGGTAACACT
/research/labs/neurology/fryer/projects/hSynTurboRibo/PS19_P0_snRNAseq/01.RawData/PP_19/PP_19_CKDL240007384-1A_H2T5GDSXC_S6_L004_I2_001.fastq.gz	@A00742:815:H2T5GDSXC:4:1101:1579:1000 2:N:0:AAGATTGGAT+AAATCCCGCT
/research/labs/neurology/fryer/projects/hSynTurboRibo/PS19_P0_snRNAseq/01.RawData/PP_19/PP_19_CKDL240007384-1A_H2T5GDSXC_S6_L004_R2_001.fastq.gz	@A00742:815:H2T5GDSXC:4:1101:1579:1000 2:N:0:AAGATTGGAT+AAATCCCGCT
/research/labs/neurology/fryer/projects/hSynTurboRibo/PS19_P0_snRNAseq/01.RawData/PP_19/PP_19_CKDL240007384-1A_H2T5GDSXC_S6_L004_I1_001.fastq.gz	@A00742:815:H2T5GDSXC:4:1101:1579:1000 1:N:0:AAGATTGGAT+AAATCCCGCT
/research/labs/neurology/fryer/projects/hSynTurboRibo/PS19_P0_snRNAseq/01.RawData/PP_19/PP_19_CKDL240007384-1A_H2T5GDSXC_S6_L004_R1_001.fastq.gz	@A00742:815:H2T5GDSXC:4:1101:1579:1000 1:N:0:AAGATTGGAT+AAATCCCGCT
